Unsafe,Caution,Not enough data,Safe
ABIRATERONE,ADENOSINE,ALANINE,5 Capped mRNA encoding full length SARS-COV-2 Spike protein
ACARBOSE,ADRENALINE,ALCOOL BENZYLIQUE,ARNM CODANT LA PROTÉINE SPIKE (S) VIRALE DU SARS-COV-2
ACETYLSALICYLATE DE LYSINE,ALBUMINE HUMAINE PLASMATIQUE,ALCOOL DICHLORO-2 4 BENZYLIQUE,BECLOMETHASONE
ACIDE BORIQUE,ALUMINIUM HYDROXYDE,ALKYLAMINOETHYLGLYCINE,BENZALKONIUM
ACIDE CARGLUMIQUE,ACIDE ASCORBIQUE,ALPHA-AMYLASE,BENZALKONIUM CHLORURE
ACIDE CITRIQUE,BETACAROTENE,AMYLMETACRESOL,BENZODODECINIUM
ACIDE GADOTERIQUE,BOLDINE,ANTHOCYANOSIDES,CALCIUM
ACIDE LACTIQUE,CHLOROCRESOL,ASCORBATE DE CALCIUM,CALCIUM CARBONATE
ACIDE NALIDIXIQUE,CHLORURE DE POTASSIUM,ASCORBATE DE DL-LYSINE,CAMPHRE
ACIDE PIPEMIDIQUE,CHLORURE DE SODIUM,BETASITOSTEROL,CARBONATE DE CALCIUM
ACIDE SALICYLIQUE,ELECTROLYTES,BIPENICILLINE,CARMELLOSE
ACIDE TENOIQUE,EMULSION DE LIPIDES,BORATE DE SOUDE,CETHOXINIUM
ACIDE URIDINE-5' TRIPHOSPHORIQUE,ENOXAPARINE,BROMOLACTOBIONATE DE CA,CHRE BENZALKONIUM
ACIDE ZOLÉDRONIQUE,EOSINE,BUTYLHYOSCINE BROMURE,DAPOXETINE
AFLIBERCEPT,EPINEPHRINE,CALFACTANT,DEXPANTHENOL
ALECTINIB,ESPECES PECTORALES,CARRAGHAHEEN,DIOSMINE
ALENDRONATE ANHYDRE,ESSENCE DE TEREBENTHINE,CARRAGHENATES,Dipropionate de bèclometasone
ALFACALCIDOL,ESSENCES NATURELLES,CEFDINIR,EAU POUR PREPARATIONS INJECTABLES
ALFENTANIL,ETHACRIDINE,CEFTAROLINE FOSAMIL,FIBRINOGENE
ALOGLIPTINE,FER,CHOLESTYRAMINE,Fumarate de formotèrol dihydr
ALOGLIPTINE BENZOATE,FER3,CHOLINE,GLUCAGON
ALPROSTADIL,GLUCONATE DE CALCIUM,CILASTATINE,GLYCEROL
ALTEPLASE,GLUCOSE MONOHYDRATE,COLLODION,HESPERIDINE
ALUMINIUM OXYDE,GLUCOSE,CUPRESSACEE,HESPERIDINE METHYL CHALCO
ALVERINE CITRATE,HYDROXYDE D'AL ET DE MG,DELAPRIL,HEXAMIDINE
AMANTADINE,ICHTHYOLAMMONIUM,DEXMEDETOMINE,HEXETIDINE
AMIODARONE,INSULINE ANALOGUE,DEXTRAN,INACTIVATED SARS-COV-2 ANTIGEN
ANASTROZOLE,INSULINE ASPARTATE,DIHYDROGENOPHOSPHATE DE SODIUM,INACTIVATED VACCINE AGAINST SARS-COV2
ANIDULAFUNGINE,INSULINE ASPARTE,DIOXYANTHRANOL,INTERFERON ALFA NATURELLE LEUCOCYTAIRE
ANTIMONIATE DE MEGLUMINE,INSULINE DEGLUDEC,EMEDASTINE,MAGNESIUM
APOMORPHINE,INSULINE GLARGINE,ETROMBOPAG,MAGNESIUM CARBONATE
APREMILAST,LOPINAVIR,FLUORODESOXYGLUCOSE,MAGNESIUM HYDROXYDE
ARGENT COLLARGOL,LYSOZYME,GINSENG,MAGNESIUM TRISILICATE
ARGENT COLLOIDAL,OXYDE DE ZINC,GLIQUIDONE,NADROPARINE CALCIQUE
ARGININE ASPARTATE,ALGINATE DE SODIUM,GLUCONOLACTATE,OXYDE DE MAGNÉSIUM LÉGER
ARGININE CHLORHYDRATE,ALGINATES,HB,OXYTOCINE
ASCIMINIB,SOLUTE POUR DIALYSE PERITONEALE,HIB,PHENOXYMETHYLPENICILLINE
ATEZOLIZUMAB,SOLVANT POUR VACCIN BCG,IRGASAN,PHLOROGLUCINOL
ATOSIBAN,SULFATE DE ZINC,IRINOTECAN,POLYSTYRENE SULFONATE DE NA
ATRACURIUM,VITAMINE A,MACITENTAN,PRALIDOXIME
ATTAPULGITE DE MORMOIRON ACTIVEE,VITAMINE B1,MAFENIDE ACETATE,SACCHAROMYCES BOULARDII
AUBEPINE,VITAMINE B12,MALÉATE D'INDACATÉROL,SIMETHICONE
AVIBACTAM,VITAMINE B6,MSB,SODIUM CHLORURE
AXITINIB,VITAMINE C,OXYGLURATE NEUTRE DE L,SULFAMETHOXAZOLE
AZACITIDINE,VITAMINE E,PARIETAIRE,SUMATRIPTANE
BARYUM SULFATE,,PEGASPARGASE,TICLOPIDINE
BASILIXIMAB,,SPORES DE BACILLUS CLAUSII POLYANTIBIO-RÉSISTANT,TROXERUTINE
BENDAMUSTINE,,SULFAMETOPYRAZINE,VACCIN ANTIGRIPPE
BENSERAZIDE,,TAMARIN,VACCIN ANTIRABIQUE
BENZYDAMINE,,TANIN,VACCIN RECOMBINANT À BASE D'ADÉNOVIRUS ANTI-COVID-19
BENZYLTHIOURACILE,,VIGNE ROUGE,
BEVACIZUMAB,,,
BICALUTAMIDE,,,
BICARBONATE DE SODIUM,,,
BICLOTYMOL,,,
BISMUTH,,,
BORTEZOMIB,,,
BOSENTAN (MONOHYDRATE),,,
BROMURE DE GLYCOPYRRONIUM,,,
BROMURE D'IPRATROPIUM,,,
BUFLOMEDIL,,,
BUPIVACAINE,,,
BUSULFAN,,,
BUTAMIRATE,,,
CALCIFEDIOL,,,
CALCIUM CHLORURE,,,
CALCIUM GLUCONATE,,,
CALCIUM LACTATE,,,
CALCIUMBRMOLACTOBIONATE,,,
CANDESARTAN CILEXETIL,,,
CAPECITABINE,,,
CAPSICUM,,,
CAPTODIAMINE,,,
CARBOMERE,,,
CARBOPLATINE,,,
CARBOXYMALTOSE FERRIC,,,
CARMUSTINE,,,
CETRORELIX,,,
CETUXIMAB,,,
CETYLPYRIDINIUM,,,
CHARBON,,,
CHARBON ACTIVE,,,
CHLORHEXIDINE,,,
CHLORHYDRATE DE BENDAMUSTINE,,,
CHLORHYDRATE DE CARIPRAZINE,,,
CHLORMADINONE ACETATE,,,
CHLOROBUTANOL,,,
CHLORPHENAMINE,,,
CHLORTALIDONE,,,
CHLORTETRACYCLINE,,,
CHONDROITIN,,,
CHONDROITINE,,,
CIPROFIBRATE,,,
CISATRACURIUM,,,
CISPLATINE,,,
CITRATE MONOPOTASSIQUE,,,
CITRATE MONOSODIQUE,,,
CITRULLINE,,,
CLADRIBINE,,,
CLIDINIUM,,,
CLOMIFENE,,,
CLOPIDOGREL,,,
CODEINE CAMPHOSULFONATE,,,
CODETHYLINE,,,
COLECALCIFEROL,,,
COLISTIMETHATE SODIQUE,,,
CRIZOTINIB,,,
CROTAMITON,,,
CUIVRE,,,
CUIVRE SULFATE,,,
CYANOCOBALAMINE,,,
CYCLOPENTOLATE,,,
CYPROTERONE,,,
CYSTEINE,,,
CYTARABINE,,,
DACARBAZINE,,,
DALTEPARINE SODIQUE,,,
DAPAGLIFLOZINE,,,
DAPAGLIFLOZINE PROPANEDIOL,,,
DARATUMUMAB,,,
DARBEPOETIN ALFA,,,
DASATINIB,,,
DEFERASIROX,,,
DEFERIPRONE,,,
DEFEROXAMINE,,,
DESFLURANE,,,
DESMOPRESSINE,,,
DETEMIR,,,
DEXKETOPROFENE,,,
DIGOXINE,,,
DIHYDROERGOCRYPTINE,,,
DIHYDROERGOTOXINE,,,
DINOPROSTONE,,,
DIOSMECTITE,,,
DIPYRIDAMOLE,,,
DISOPYRAMIDE PHOSPHATE,,,
DOBUTAMINE,,,
DOCETAXEL,,,
DONEPEZIL,,,
DOXAZOSINE,,,
DOXORUBICINE,,,
DUTASTERIDE,,,
DYDROGESTRONE,,,
EAU OXYGENEE,,,
ECONAZOLE NITRATE,,,
EMICIZUMAB,,,
EMPAGLIFLOZINE,,,
ENOXACINE,,,
ENTECAVIR,,,
EPHEDRINE,,,
EPIRUBICINE,,,
ERGOCALCIFEROL,,,
ERGOTAMINE TARTRATE,,,
ERLOTINIB,,,
ERYSIMUM,,,
ERYTHROPOIETINE HUMAINE,,,
ESTRIOL,,,
ETAMSYLATE,,,
ETHYLE CHLORURE,,,
ETILEFRINE,,,
ETOMIDATE,,,
ETOPOSIDE,,,
EUCALYPTOL,,,
EVEROLIMUS,,,
EXEMESTANE,,,
EZETIMIBE,,,
FACTEUR DE COAGULATION COURT -CIRCUITANT L'ACTIVITÉ DU FACTE,,,
FACTEUR IX,,,
FACTEUR IX II VII X,,,
FACTEUR VII A,,,
FACTEUR VIII,,,
"FACTEURS II,VII ,IX, X",,,
FEBUXOSTAT,,,
FENOFIBRATE,,,
FEREDETATE DE SODIUM,,,
FEUILLE DE SENNE,,,
FINASTERIDE,,,
FLUDARABINE,,,
FLUDROCORTISONE,,,
FLUOCINONIDE,,,
FLUOR,,,
FLUORESCEINE,,,
FLUOROURACILE,,,
FLUVESTRANT,,,
FOLINATE DE CALCIUM,,,
FONDAPARINUX SODIUM,,,
FSH,,,
FULVESTRANT,,,
FUMARATE DE FER,,,
GAIACOL,,,
GAIAZULENE,,,
GANCICLOVIR,,,
GEFITINIB,,,
GELATINE FLUIDE MODIFIEE,,,
GEMCITABINE,,,
GINKGO BILOBA,,,
GLARGINE,,,
GLICLAZIDE,,,
GLIMEPIRIDE,,,
GLIPIZIDE,,,
GLUCOSAMINE,,,
GLUCOSE-1-PHOSPHATE DISODIUM TETRAHYDRATE,,,
GLULISINE,,,
GLYCERINE,,,
GLYCOCOLLE,,,
GLYCOPYRRONIUM,,,
GLYCOPYRRONIUM BROMIDE,,,
GONADOTROPHINE CHORIONIQUE,,,
GONADOTROPHINE MENOPAUSIQUE HUMAINE,,,
GOSERELINE,,,
GRISEOFULVINE,,,
GUAIFENESINE,,,
GUSELKUMAB,,,
HEMATOPORPHYRINE,,,
HISTAMINE,,,
HUILE DE FOIE DE MORUE,,,
HUILE D'OEILLETTE ESTERS ÉTHYLIQUES DES ACIDES GRAS IODÉS,,,
HYALURONATE DE SODIUM,,,
HYDROCHLOROTHIZIDE,,,
HYDROCHLORTHIAZIDE,,,
HYDROQUINONE,,,
HYDROXOCOBALAMINE,,,
HYDROXYETHYLAMIDON,,,
HYDROXYPROPYLMETHYLCELLULOSE,,,
HYPOCHLORITE DE SODIUM,,,
HYPROMELLOSE,,,
IBRUTINIB,,,
ICODEXTRIN,,,
IDARUBICINE,,,
IDROCILAMIDE,,,
IFOSFAMIDE,,,
IMATINIB,,,
IMIGLUCERASE,,,
IMMUNO SERUM EQUIN ANTIRABIQUE,,,
IMMUNOGLOBULINE DU LAPIN ANTI-THYMOCYTES HUMAINS,,,
IMMUNOGLOBULINE EQUINE ANTI-THYMOCYTES HUMAINS,,,
IMMUNOGLOBULINE HUMAINE ANTI D,,,
IMMUNOGLOBULINE HUMAINE ANTI HBS,,,
IMMUNOGLOBULINE HUMAINE ANTITETANIQUE,,,
IMMUNOGLOBULINE HUMAINE NORMALE,,,
IMMUNOGLOBULINE HUMAINE POLYVALENTE,,,
IMMUNOSERUM ANTISCORPIONIQUE,,,
IMMUNOSERUM ANTIVIPERIN,,,
INOSINE,,,
INSAPONIFIABLE HUILE D'AVOCAT ET DE SOJA,,,
INSULINE HUMAINE,,,
INTERFERON BETA-1A,,,
"IOXITALAMATE DE NA, MEGLUMINE",,,
IPRATROPIUM BROMURE,,,
ISAVUCONAZOLE,,,
ISOSORBIDE DINITRATE,,,
IVABRADINE,,,
KAOLIN,,,
KETAMINE,,,
L CYSTINE,,,
LACTOBACILLUS ACIDOPHILUS,,,
LACTOBACILLUS CASEI,,,
LACTOBACILLUS LB,,,
LAMIVUDINE,,,
LANREOTIDE,,,
LARONIDASE,,,
LATANOPROSTENE BUNOD,,,
LEDIPASVIR,,,
LENALIDOMIDE,,,
LETROZOLE,,,
LEVODOPA,,,
LEVOFOLINATE DE CALCIUM,,,
LEVOMENTHOL,,,
LEVOTHYROXINE,,,
LEVOTHYROXINE SODIQUE,,,
LEVURES,,,
LH,,,
LINAGLIPTINE,,,
LINCOMYCINE,,,
LINDANE,,,
LINÉZOLIDE,,,
LIRAGLUTIDE,,,
LODOXAMIDE TROMETHAMINE,,,
LORLATINIB,,,
LOTEPREDNOL,,,
LOVASTATINE,,,
LUTROPINE ALFA,,,
MANGANESE,,,
MEMANTINE,,,
MENTHOL,,,
MENTHOL PUR,,,
MEPHENESINE,,,
MEPROBAMATE,,,
MEQUINOL,,,
MERCUROBUTOL,,,
MEROPENEME,,,
MESILATE DE LENVATINIB,,,
MESNA,,,
METACYCLINE,,,
METFORMINE CHLORHYDRATE,,,
METHOCARBAMOL,,,
METHOXSALENE,,,
METHYCLOTHIAZIDE,,,
METHYLERGOMETRINE,,,
METHYLTHIONINIUM,,,
MIDAZOLAM,,,
MITOXANTRONE,,,
MOLSIDOMINE,,,
MONOSULFURE DE SODIUM,,,
MONTMORILLONITE BEIDELLITIQUE,,,
MYCOPHENOLATE MOFETIL,,,
MYRTECAINE,,,
NAFTIDROFURYL,,,
NAPHAZOLINE NITRATE,,,
N-BUTYLHYOSCINE BROMURE,,,
NEOSTIGMINE,,,
NETILMICINE SULFATE,,,
NETUPITANT,,,
NIAPRAZINE,,,
NICOTINE,,,
NIFUROXAZIDE,,,
NILOTINIB,,,
NINTEDANIB,,,
NITISINONE,,,
NORADRENALINE,,,
NORETHISTERONE,,,
OBINUTUZUMAB,,,
OCTOGOG ALFA,,,
OCTREOTIDE,,,
OLMESARTAN MEDOXOMIL,,,
OLODATEROL,,,
OMBITASVIR,,,
ONDANSETRON,,,
OPIUM,,,
ORNITHINE MONOHYDRAT,,,
OXALIPLATINE,,,
OXYBUPROCAINE,,,
PACLITAXEL,,,
PALBOCICLIB,,,
PALONOSETRON,,,
PANCREATINE,,,
PARAFFINE LIQUIDE,,,
PARECOXIB,,,
PARITAPREVIR,,,
PAZOPANIB,,,
PEGINTERFERON BETA-1A,,,
PEMBROLIZUMAB,,,
PEMETREXED,,,
PENICILLAMINE,,,
PENTOXYFYLLINE,,,
PERINDOPRIL ARGININE,,,
PERTUZUMAB,,,
PETHIDINE,,,
PHENAZONE,,,
PHENIRAMINE,,,
PHENOL,,,
PHENYLEPHRINE,,,
PHOLCODINE,,,
PHOSPHATE DISODIQUE,,,
PHOSPHATE MONOSODIQUE,,,
PHOSPHOLIPIDES TOTAUX,,,
PHOSPHORE,,,
PHYTOMENADIONE,,,
PICLOXYDINE,,,
PIMETHIXENE,,,
PINAVERIUM,,,
PIOGLITAZONE,,,
PIRIBEDIL,,,
PLERIXAFOR,,,
POLYMALTOSE COMPLEXE,,,
POLYMIXINE B,,,
POLYVIDONE,,,
POLYVIDONE IODEE,,,
POTASSIUM,,,
POTASSIUM CHLORURE,,,
POVIDONE,,,
POVIDONE IODEE,,,
PRAMIPEXOLE,,,
PRASUGREL,,,
PRIFINIUM,,,
PRILOCAINE,,,
PROPIONATE DE FLUCTICASONE,,,
PROPOFOL,,,
PSEUDOEPHEDRINE,,,
RALOXIFENE,,,
RANELATE DE STRONTIUM,,,
RANOLAZINE,,,
RAXTOZINAMERAN,,,
REMIFENTANIL,,,
REPAGLINIDE,,,
RESORCINE,,,
RESORCINOL,,,
RIBAVIRINE,,,
RIBOCICLIB,,,
RIFAXIMINE,,,
RILUZOLE,,,
RINGER,,,
RISANKIZUMAB,,,
RITONAVIR,,,
RIVASTIGMINE,,,
ROCURONIUM BROMURE,,,
ROPINIROLE,,,
ROPIVACAINE,,,
ROPIVACAINE CHLORHYDRATE,,,
RUSCOGENINES,,,
RUTOSIDE,,,
RUXOLITINIB,,,
SACUBITRIL,,,
SALICYLATE DE CHOLINE,,,
SALICYLATE DE DIETHYLAMINE,,,
SALICYLATE DE METHYLE,,,
SATRALIZUMAB,,,
SELEXIPAG,,,
SEMAGLUTIDE,,,
SEVOFLURANE,,,
SILDENAFIL,,,
SIROLIMUS,,,
SITAGLIPTINE,,,
SODIUM BENZOATE,,,
SODIUM BROMURE,,,
SOFOSBUVIR,,,
SOLIFENACINE SUCCINATE,,,
SOMATROPINE,,,
SORAFENIB,,,
SOUFRE SUBLIME,,,
SUCRALFATE,,,
SUFENTANIL,,,
SUGAMMADEX,,,
SULFADIAZINE ARGENTIQUE,,,
SULFAGUANIDINE,,,
SULFATE DE PROTAMINE,,,
SULODEXIDE,,,
SUNITINIB,,,
SUXAMETHONIUM,,,
SYNEPHRINE,,,
TACILIZUMAB,,,
TADALAFIL,,,
TÉMOZOLOMIDE,,,
TENECTEPLASE,,,
TENONITROZOLE,,,
TERLIPRESSINE,,,
TETRACAINE,,,
TETRAHYDROZOLINE,,,
TETRAZEPAM,,,
THIAMPHENICOL,,,
THIMEROSAL,,,
THIOCOLOR,,,
THIOPHENECARBOXYLATE,,,
THYMOL,,,
TICAGRELOR,,,
TIGECYCLINE,,,
TILBROQUINOL,,,
TILIQUINOL,,,
TINZAPARINE,,,
TOFACITINIB,,,
TOLNAFTATE,,,
TRASTUZUMAB,,,
TRETINOINE,,,
TRICHLOCARBAN,,,
TRICLOSAN,,,
TRINITRINE,,,
TRIPROLIDINE,,,
TROLAMINE,,,
TROPICAMIDE,,,
TUAMINOHEPTANE SULFATE,,,
UMECLIDINUM,,,
UPADACITINIB,,,
URÉE,,,
VACCIN CONTRE DE L'HEPATITE A,,,
VACCIN CONTRE LE PAPILLOMAVIRUS HUMAIN,,,
VACCIN DIPHTERIQUE TETANIQUE COQUELUCHEUX,,,
VACCIN GRIPPAL A (H1N1),,,
VACCIN INFECTION A ROTAVIRUS,,,
"VACCIN MENINGOCOCCIQUE CONJUGUE A, C,W135 ET Y",,,
VACCIN PNEUMOCOCCIQUE POLYSACCHARIDIQUE CONJUGUEE,,,
VACCIN POLIOMYÉLITIQUE,,,
VALPROATE DE SODIUM,,,
VELPATASVIR,,,
VEMURAFENIB,,,
VENETOCLAX,,,
VERAPAMIL CHLORHYDRATE,,,
VERATROL,,,
VILDAGLIPTINE,,,
VINCRISTINE,,,
VINORELBINE,,,
VISMODEGIB,,,
VON WILLEBRAND,,,
XYLENE,,,
XYLOMETAZOLINE,,,
YOHIMBINE CHLORHYDRATE,,,
ZIDOVUDINE,,,
ZINC OXYDE,,,
ZINC SULFATE,,,
ZIPRASIDONE,,,
